{
    "type": "origins:action_on_callback",
    "entity_action_chosen": {
        "type": "origins:and",
        "actions": [
            {
                "type": "origins:execute_command",
                "command": "scale set pehkui:height 1.5 @s",
                "permission_level": 4
            },
            {
                "type": "origins:execute_command",
                "command": "scale set pehkui:width 1.35 @s",
                "permission_level": 4
            }
        ]
    },
    "entity_action_removed": {
        "type": "origins:execute_command",
        "command": "scale reset",
        "permission_level": 4
    },
    "entity_action_respawned": {
        "type": "origins:and",
        "actions": [
            {
                "type": "origins:execute_command",
                "command": "scale set pehkui:height 1.5 @s",
                "permission_level": 4
            },
            {
                "type": "origins:execute_command",
                "command": "scale set pehkui:width 1.35 @s",
                "permission_level": 4
            }
        ]
    },
    "execute_chosen_when_orb": true
}