{
    "type": "origins:multiple",
    "swimming": {
        "type": "origins:modify_swim_speed",
        "modifier": {
            "operation": "multiply_base",
            "value": -0.5
        }
    },
    "exhausting": {
        "type": "origins:modify_exhaustion",
        "modifier": {
            "operation": "multiply_total",
            "value": 1
        }
    },
    "condition": {
        "type": "origins:and",
        "conditions": [
            {
                "type": "origins:exposed_to_sun"
            },
            {
                "type": "origins:equipped_item",
                "equipment_slot": "head",
                "item_condition": {
                    "type": "origins:armor_value",
                    "comparison": ">",
                    "compare_to": 0
                }
            }
        ]
    },
    "name": "Sunlight Hater",
    "description": "Just like the Wither Skeletons, you avoid the sun. It makes you be hungry quicker, swim slower and recieve x1.5 more damage."
}