{
    "type": "origins:multiple",
    
    "timer": {
        "type": "origins:resource",
        "min": 0,
        "max": 302,
        "hud_render": {
            "should_render": true,
            "bar_index": 9,
            "sprite_location": "origins:textures/gui/community/huang/resource_bar_02.png",
            "condition": {
                "type": "origins:resource",
                "resource": "witherorigins:witherevolution_timer",
                "comparison": "!=",
                "compare_to": 0
            }
        }
    },

    "consume": {
        "key": {
            "key": "key.use",
            "continuous": true
        },
        "type": "origins:active_self",
        "cooldown": 1200,
        "hud_render": {
            "should_render": false
        },
        "condition": {
            "type": "origins:equipped_item",
            "equipment_slot": "mainhand",
            "item_condition": {
                "type": "origins:ingredient",
                "ingredient": {
                    "item": "minecraft:nether_star"
                }
            }
        },
        "entity_action": {
            "type": "origins:and",
            "actions": [
                {
                    "type": "origins:execute_command",
                    "command": "clear @s nether_star 1"
                },
                {
                    "type": "origins:feed",
                    "food": 15,
                    "saturation": 5
                },
                {
                    "type": "origins:execute_command",
                    "command": "playsound minecraft:entity.wither.spawn player @s ~ ~ ~ 1 1"
                },
                {
                    "type": "origins:apply_effect",
                    "effect": {
                        "effect": "minecraft:health_boost",
                        "duration": 6001,
                        "amplifier": 5,
                        "show_icon": false
                    }
                },
                {
                    "type": "origins:apply_effect",
                    "effect": {
                        "effect": "minecraft:regeneration",
                        "duration": 60,
                        "amplifier": 255,
                        "show_icon": false
                    }
                },
                {
                    "type": "origins:apply_effect",
                    "effect": {
                        "effect": "minecraft:strength",
                        "duration": 6000,
                        "amplifier": 3,
                        "show_icon": false
                    }
                },
                {
                    "type": "origins:change_resource",
                    "resource": "witherorigins:witherevolution_timer",
                    "change": 300
                }
            ]
        }
    },

    "timer_countdown": {
		"type": "origins:action_over_time",
		"interval": 20,
		"entity_action": {
			"type": "origins:change_resource",
			"resource": "witherorigins:witherevolution_timer",
			"change": -1
        },
        "condition": {
            "type": "origins:resource",
            "resource": "witherorigins:witherevolution_timer",
            "comparison": ">=",
            "compare_to": 2
        }
    },

    "timer_countdown_death": {
        "type": "origins:action_over_time",
        "interval": 20,

        "entity_action": {
            "type": "origins:and",
            "actions": [
                {
                    "type": "origins:change_resource",
                    "resource": "witherorigins:witherevolution_timer",
                    "change": -1
                },
                {
                    "type": "origins:execute_command",
                    "command": "kill @s",
                    "permission_level": 4
                },
                {
                    "type": "origins:execute_command",
                    "command": "bossbar remove witherorigins:witherian_hp",
                    "permission_level": 4
                }
            ]
        },

        "condition": {
            "type": "origins:resource",
            "resource": "witherorigins:witherevolution_timer",
            "compare_to": 1,
            "comparison": "=="
        }
    },

    "timer_death": {
        "type": "origins:action_on_callback",
        "entity_action_respawned": {
            "type": "origins:change_resource",
            "resource": "witherorigins:witherevolution_timer",
            "change": -302
        }
    },
    
    "flight": {
        "type": "origins:active_self",
        "key": {
            "key": "key.jump",
            "continuous": true
        },
        "entity_action": {
            "type": "origins:apply_effect",
            "effect": {
                "effect": "minecraft:levitation",
                "duration": 3,
                "amplifier": 2,
                "show_particles": false,
                "show_icon": false
            }
        },
        
        "condition": {
            "type": "origins:resource",
            "resource": "witherorigins:witherevolution_timer",
            "comparison": ">=",
            "compare_to": 2
        },

        "cooldown": 0,
        "hud_render": {
            "should_render": false
        }
    },

    "fall": {
        "type": "origins:modify_damage_taken",
        "damage_condition": {
            "type": "origins:name",
            "name": "fall"
        },
        "modifier": {
            "name": "No fall",
            "operation": "multiply_total",
            "value": -1
        },
        "condition": {
            "type": "origins:resource",
            "resource": "witherorigins:witherevolution_timer",
            "comparison": ">=",
            "compare_to": 2
        }
    },
    
    "name": "Wither Evolution",
    "description": "Your Wither Skeleton part can still evolve to Wither, but it is held back... Gain immense boosts for 5 minutes and gain the ability to fire Wither Skulls (primary) by consuming a Nether Star, however, this kills you when it ends due to your human parts slowing you down."
}