{
    "type": "origins:fire_projectile",
    "entity_type": "minecraft:wither_skull",
    "cooldown": 15,
    "hud_render": {
        "should_render": true,
        "sprite_location": "origins:textures/gui/community/spiderkolo/resource_bar_02.png",
        "bar_index": 19
    },
    "key": {
        "key": "key.origins.primary_active"
    },
    "condition": {
        "type": "origins:resource",
        "resource": "witherorigins:witherevolution_timer",
        "comparison": "!=",
        "compare_to": 0
    },
    "hidden": true
}