{
    "type": "origins:multiple",

    "timer": {
        "type": "origins:resource",
        "min": 0,
        "max": 180,
        "start_value": 180,
        "hud_render": {
            "should_render": true,
            "bar_index": 5,
            "sprite_location": "origins:textures/gui/community/spiderkolo/resource_bar_01.png"
        }
    },

    "timer_countdown_add": {
        "type": "origins:self_action_on_kill",
        "entity_action": {
            "type": "origins:change_resource",
            "resource": "witherorigins:withercurse_timer",
            "change": 180
        },

        "cooldown": 0,
        "hud_render": {
            "should_render": false
        }
    },

    "timer_countdown_zero": {
        "type": "origins:action_over_time",
        "interval": 80,
        "entity_action": {
            "type": "origins:and",
            "actions": [
                {
                    "type": "origins:apply_effect",
                    "effect": {
                        "effect": "minecraft:weakness",
                        "duration": 80,
                        "show_particles": false
                    }
                },
                {
                    "type": "origins:apply_effect",
                    "effect": {
                        "effect": "minecraft:slowness",
                        "duration": 80,
                        "show_particles": false
                    }
                },
                {
                    "type": "origins:damage",
                    "source": {
                        "name": "wither",
                        "bypasses_armor": true,
                        "out_of_world": true,
                        "unblockable": true
                    },
                    "amount": 2
                }
            ]
        },
        "condition": {
            "type": "origins:resource",
            "resource": "witherorigins:withercurse_timer",
            "comparison": "==",
            "compare_to": 0
        }
    },

    "timer_countdown": {
        "type": "origins:action_over_time",
        "interval": 20,
        "entity_action": {
            "type": "origins:change_resource",
            "resource": "witherorigins:withercurse_timer",
            "change": -1
        }
    },
    
    "name": "Curse of the Wither",
    "description": "Cursed by the Wither, you are semi-withered away. You have to regularly kill in order to keep yourself from weakening."
}