{
    "type": "origins:target_action_on_hit",
    "entity_action": {
      "type": "origins:apply_effect",
      "effect": {
        "effect": "minecraft:wither",
        "amplifier": 2,
        "duration": 60
      }
    },
    "cooldown": 60,
    "hud_render": {
      "should_render": false
    },
    "condition": {
      "type": "origins:resource",
      "resource": "witherorigins:withercurse_timer",
      "comparison": "!=",
      "compare_to": 0
    },
    
    "name": "Wither Away",
    "description": "On hit, your opponents start Withering away, they get Wither for 3 seconds."
}